name,areaName,latitude,longitude,level
성수역,서울 성동구 성수동2가,37.5446,127.0559,2
서울숲,서울 성동구 성수동1가,37.5444,127.0374,2
왕십리역,서울 성동구 행당동,37.5613,127.0371,2
건대입구역,서울 광진구 화양동,37.5404,127.0692,2
강남역,서울 강남구 역삼동,37.4979,127.0276,2
선릉역,서울 강남구 대치동,37.5045,127.0490,2
교대역,서울 서초구 서초동,37.4934,127.0144,2
고속터미널역,서울 서초구 반포동,37.5049,127.0049,2
양재역,서울 서초구 양재동,37.4841,127.0346,2
잠실역,서울 송파구 잠실동,37.5133,127.1001,2
천호역,서울 강동구 천호동,37.5386,127.1236,2
홍대입구역,서울 마포구 서교동,37.5572,126.9245,2
합정역,서울 마포구 합정동,37.5496,126.9139,2
공덕역,서울 마포구 공덕동,37.5443,126.9516,2
신촌역,서울 서대문구 창천동,37.5552,126.9369,2
여의도,서울 영등포구 여의도동,37.5219,126.9245,2
영등포역,서울 영등포구 영등포동,37.5157,126.9076,2
신림역,서울 관악구 신림동,37.4842,126.9297,2
서울대입구역,서울 관악구 봉천동,37.4812,126.9527,2
사당역,서울 동작구 사당동,37.4765,126.9816,2
노량진역,서울 동작구 노량진동,37.5131,126.9425,2
이태원,서울 용산구 이태원동,37.5345,126.9946,2
용산역,서울 용산구 한강로3가,37.5298,126.9648,2
종각역,서울 종로구 종로1가,37.5702,126.9831,2
광화문,서울 종로구 세종로,37.5710,126.9768,2
혜화역,서울 종로구 명륜4가,37.5822,127.0019,2
을지로입구역,서울 중구 을지로2가,37.5660,126.9824,2
성신여대입구역,서울 성북구 동선동,37.5926,127.0164,2
노원역,서울 노원구 상계동,37.6551,127.0613,2
수유역,서울 강북구 수유동,37.6380,127.0257,2
청량리역,서울 동대문구 전농동,37.5803,127.0470,2
회기역,서울 동대문구 회기동,37.5896,127.0579,2
구로디지털단지역,서울 구로구 구로동,37.4852,126.9015,2
가산디지털단지역,서울 금천구 가산동,37.4815,126.8826,2
판교역,경기 성남시 분당구 삼평동,37.3948,127.1112,2
서현역,경기 성남시 분당구 서현동,37.3850,127.1233,2
수원역,경기 수원시 팔달구 매산로1가,37.2659,127.0000,2
정발산역,경기 고양시 일산동구 장항동,37.6600,126.7730,2
부평역,인천 부평구 부평동,37.4894,126.7249,2
서면역,부산 부산진구 부전동,35.1578,129.0600,2
해운대,부산 해운대구 우동,35.1631,129.1635,2
동성로,대구 중구 동성로2가,35.8690,128.5955,2
상무지구,광주 서구 치평동,35.1520,126.8520,2
도봉산역,서울 도봉구 도봉2동,37.6896,127.0447,2
창동역,서울 도봉구 창2동,37.6531,127.0477,2
부천역,경기 부천시 원미구 심곡1동,37.4840,126.7827,2
중동역,경기 부천시 원미구 중1동,37.4862,126.7640,2
상동역,경기 부천시 원미구 상동,37.5058,126.7531,2
